initial_r_1,initial_r_2,initial_r_3,initial_r_4,initial_r_5,r_1,r_2,r_3,r_4,r_5,ED_1,ED_2,ED_3,ED_4,ED_5,initial_a_1,initial_a_2,initial_a_3,initial_a_4,initial_a_5,initial_a_6,initial_a_7,initial_a_8,initial_a_9,initial_a_10,a_1,a_2,a_3,a_4,a_5,a_6,a_7,a_8,a_9,a_10,EA_1,EA_2,EA_3,EA_4,EA_5,EA_6,EA_7,EA_8,EA_9,EA_10,ED_vec_max,EA_vec_max,Algo,Converged,Iterations
0.01,0.01,0.01,0.01,0.01,2.978411232260277,2.987053676039562,2.9930514215961628,2.9968737137266297,2.9990105777635914,-4.867217739956686e-13,9.237055564881302e-14,-2.0250467969162855e-13,-3.836930773104541e-13,6.394884621840902e-14,3.0,3.0,3.0,3.0,3.0,3.0,3.0,3.0,3.0,3.0,13.519164739367488,15.240680757319073,17.26596570296442,19.63039203765064,22.373071206111536,3.473316784699765,3.8591781936410006,4.338348635429262,4.915105659617411,5.594792438655044,1.9539925233402755e-14,-4.991562718714704e-13,4.583000645652646e-13,-2.877698079828406e-13,1.4566126083082054e-13,-8.304468224196171e-14,2.744471316873387e-13,9.592326932761353e-14,5.373479439185758e-13,-6.226130722097878e-13,4.867217739956686e-13,6.226130722097878e-13,LBFGS,0.0,1.0
0.01,0.01,0.01,0.01,0.01,2.9784112322602683,2.987053676039567,2.993051421596164,2.9968737137266297,2.9990105777635914,-2.1316282072803006e-13,-7.247535904753022e-13,-1.7053025658242404e-13,-2.1316282072803006e-14,-2.8066438062523957e-13,3.0,3.0,3.0,3.0,3.0,3.0,1.5,1.5,1.5,1.5,13.519164739366504,15.240680757319051,17.265965702965513,19.630392037649585,22.373071206110225,3.473316784698561,3.8591781936416067,4.3383486354294005,4.9151056596179865,5.594792438654829,3.481659405224491e-13,-1.2967404927621828e-13,2.4868995751603507e-14,7.744915819785092e-13,1.0800249583553523e-12,1.0023093466315913e-12,-2.686739719592879e-13,1.1812772982011666e-13,-3.6415315207705135e-14,-5.018208071305708e-13,7.247535904753022e-13,1.0800249583553523e-12,LBFGS,0.0,2.0
0.01,0.01,0.01,0.01,0.01,2.9784112322602736,2.987053676039563,2.993051421596163,2.9968737137266293,2.9990105777635914,-2.6290081223123707e-13,-1.4210854715202004e-13,-2.842170943040401e-14,-3.552713678800501e-15,-1.3500311979441904e-13,3.0,3.0,3.0,3.0,3.0,3.0,1.0,1.0,1.0,1.0,13.519164739366978,15.240680757318131,17.265965702965968,19.630392037649663,22.37307120611205,3.473316784699504,3.8591781936414025,4.338348635429179,4.915105659617767,5.594792438654442,2.824407374646398e-13,2.5934809855243657e-13,-4.689582056016661e-13,4.902744876744691e-13,-3.552713678800501e-13,1.3455903058456897e-13,-1.7674750552032492e-13,3.3217872896784684e-13,1.3322676295501878e-13,-1.7763568394002505e-14,2.6290081223123707e-13,4.902744876744691e-13,LBFGS,1.0,5.0
0.01,0.01,0.01,0.01,0.01,2.9784112322602745,2.987053676039562,2.9930514215961628,2.9968737137266293,2.999010577763591,-1.2079226507921703e-13,4.263256414560601e-14,4.618527782440651e-14,1.7053025658242404e-13,8.526512829121202e-14,3.0,3.0,3.0,3.0,3.0,3.0,0.75,0.75,0.75,0.75,13.519164739367854,15.240680757318321,17.265965702965246,19.630392037650214,22.373071206110968,3.4733167846996746,3.8591781936413994,4.338348635429409,4.915105659617903,5.594792438654064,-1.829647544582258e-13,1.474376176702208e-13,7.105427357601002e-14,2.1671553440683056e-13,1.5987211554602254e-13,6.128431095930864e-14,-1.5054624213917123e-13,5.861977570020827e-14,6.661338147750939e-14,2.1938006966593093e-13,1.7053025658242404e-13,2.1938006966593093e-13,LBFGS,1.0,2.0
0.01,0.01,0.01,0.01,0.01,2.978411232260272,2.987053676039559,2.993051421596163,2.9968737137266297,2.999010577763591,2.1316282072803006e-13,-8.881784197001252e-14,2.4868995751603507e-13,-1.4210854715202004e-14,1.5987211554602254e-13,3.0,3.0,3.0,3.0,3.0,3.0,0.6,0.6,0.6,0.6,13.519164739367932,15.240680757317252,17.26596570296544,19.630392037650534,22.37307120611106,3.4733167846994646,3.8591781936407643,4.338348635429812,4.915105659618104,5.594792438654122,-2.575717417130363e-13,6.004086117172847e-13,1.4921397450962104e-13,1.4566126083082054e-13,1.7763568394002505e-13,2.8688162956314045e-13,3.4416913763379853e-13,-2.779998453661392e-13,-7.37188088351104e-14,1.8918200339612667e-13,2.4868995751603507e-13,6.004086117172847e-13,LBFGS,1.0,2.0
0.01,0.01,0.01,0.01,0.01,2.978411232260275,2.9870536760395607,2.993051421596163,2.9968737137266306,2.9990105777635914,-1.1013412404281553e-13,-1.6342482922482304e-13,-2.7711166694643907e-13,-3.339550858072471e-13,-1.1368683772161603e-13,3.0,3.0,3.0,3.0,3.0,1.5,3.0,3.0,3.0,3.0,13.519164739367115,15.240680757317406,17.26596570296475,19.630392037650456,22.373071206111774,3.4733167846996635,3.8591781936408327,4.338348635429218,4.915105659618472,5.594792438654419,3.090860900556436e-13,5.453415496958769e-13,3.517186542012496e-13,3.659295089164516e-13,-9.592326932761353e-14,1.0658141036401503e-14,2.935429677108914e-13,1.9451107391432743e-13,-4.0945025148175773e-13,8.881784197001252e-16,3.339550858072471e-13,5.453415496958769e-13,LBFGS,1.0,1.0
0.01,0.01,0.01,0.01,0.01,2.978411232260271,2.9870536760395643,2.993051421596166,2.9968737137266297,2.9990105777635914,-3.552713678800501e-15,-6.856737400084967e-13,-5.577760475716786e-13,-8.526512829121202e-14,-3.552713678800501e-14,3.0,3.0,3.0,3.0,3.0,1.5,1.5,1.5,1.5,1.5,13.519164739366767,15.240680757318579,17.265965702965783,19.63039203765015,22.373071206111863,3.4733167846991386,3.859178193641126,4.338348635430093,4.915105659617908,5.594792438654675,2.3092638912203256e-13,-2.0250467969162855e-13,-8.526512829121202e-14,1.5987211554602254e-13,-2.4513724383723456e-13,4.4986236957811343e-13,8.837375276016246e-14,-5.426770144367765e-13,2.930988785010413e-14,-2.7000623958883807e-13,6.856737400084967e-13,5.426770144367765e-13,LBFGS,0.0,1.0
0.01,0.01,0.01,0.01,0.01,2.9784112322602745,2.9870536760395616,2.9930514215961628,2.996873713726628,2.9990105777635914,8.846257060213247e-13,-8.881784197001252e-14,-3.588240815588506e-13,3.019806626980426e-13,-3.410605131648481e-13,3.0,3.0,3.0,3.0,3.0,1.5,1.0,1.0,1.0,1.0,13.519164739368167,15.24068075731853,17.265965702965484,19.630392037649244,22.373071206111565,3.473316784700229,3.8591781936411396,4.338348635428979,4.915105659616889,5.594792438654513,-1.3500311979441904e-13,-5.684341886080802e-14,-2.1671553440683056e-13,4.298783551348606e-13,3.552713678800501e-15,-3.97015753605956e-13,1.1191048088221578e-13,4.760636329592671e-13,8.952838470577262e-13,-1.2079226507921703e-13,8.846257060213247e-13,8.952838470577262e-13,LBFGS,1.0,2.0
0.01,0.01,0.01,0.01,0.01,2.978411232260273,2.987053676039562,2.9930514215961628,2.9968737137266297,2.999010577763591,-1.8829382497642655e-13,2.1316282072803006e-14,3.019806626980426e-13,2.4868995751603507e-13,7.105427357601002e-14,3.0,3.0,3.0,3.0,3.0,1.5,0.75,0.75,0.75,0.75,13.519164739367554,15.240680757318321,17.265965702965637,19.630392037650754,22.373071206111764,3.473316784699606,3.8591781936415237,4.338348635429694,4.915105659618547,5.594792438653944,-1.5987211554602254e-13,4.440892098500626e-14,-2.3447910280083306e-13,-5.684341886080802e-14,-6.004086117172847e-13,6.794564910705958e-14,-3.0020430585864233e-13,-2.0339285811132868e-13,-5.124789481669723e-13,3.481659405224491e-13,3.019806626980426e-13,6.004086117172847e-13,LBFGS,1.0,1.0
0.01,0.01,0.01,0.01,0.01,2.9784112322602763,2.987053676039562,2.9930514215961654,2.9968737137266297,2.9990105777635914,-6.217248937900877e-13,8.171241461241152e-14,-3.588240815588506e-13,-3.055333763768431e-13,-3.765876499528531e-13,3.0,3.0,3.0,3.0,3.0,1.5,0.6,0.6,0.6,0.6,13.519164739367392,15.240680757318117,17.26596570296596,19.630392037649454,22.373071206111216,3.4733167846993935,3.859178193641075,4.338348635429834,4.915105659617761,5.594792438654233,8.881784197001252e-15,1.865174681370263e-13,-1.6697754290362354e-13,6.679101716144942e-13,1.3855583347321954e-13,2.651212582804874e-13,1.3322676295501878e-13,-2.575717417130363e-13,1.2967404927621828e-13,1.0658141036401503e-13,6.217248937900877e-13,6.679101716144942e-13,LBFGS,1.0,2.0
0.01,0.01,0.01,0.01,0.01,2.978411232260263,2.987053676039558,2.993051421596162,2.9968737137266297,2.999010577763591,5.044853423896711e-13,4.654054919228656e-13,1.5987211554602254e-13,3.019806626980426e-13,1.9895196601282805e-13,3.0,3.0,3.0,3.0,3.0,1.0,3.0,3.0,3.0,3.0,13.51916473936657,15.24068075731782,17.265965702964664,19.630392037651266,22.373071206111575,3.4733167846987167,3.8591781936409357,4.338348635429445,4.915105659618303,5.594792438653953,4.1033842990145786e-13,4.156675004196586e-13,5.613287612504791e-13,-1.0658141036401503e-13,-8.881784197001252e-14,9.063860773039778e-13,2.7355895326763857e-13,3.552713678800501e-15,-1.5276668818842154e-13,4.2010839251815923e-13,5.044853423896711e-13,9.063860773039778e-13,LBFGS,1.0,2.0
0.01,0.01,0.01,0.01,0.01,2.9784112322602976,2.9870536760395603,2.99305142159616,2.996873713726632,2.9990105777635914,-1.2612133559741778e-12,-3.339550858072471e-13,-3.694822225952521e-13,-1.1830536550405668e-12,3.481659405224491e-13,3.0,3.0,3.0,3.0,3.0,1.0,1.5,1.5,1.5,1.5,13.519164739368058,15.240680757316703,17.265965702962852,19.63039203765023,22.373071206112797,3.4733167847020607,3.8591781936403837,4.338348635427653,4.915105659618743,5.594792438654152,5.293543381412746e-13,8.43769498715119e-13,9.485745522397337e-13,6.536993168992922e-13,-7.531752999057062e-13,-2.211564265053312e-12,6.434852650727407e-13,1.4477308241112041e-12,-6.696865284538944e-13,3.597122599785507e-13,1.2612133559741778e-12,2.211564265053312e-12,LBFGS,1.0,2.0
0.01,0.01,0.01,0.01,0.01,2.978411232260273,2.9870536760395594,2.993051421596162,2.9968737137266306,2.9990105777635914,-4.192202140984591e-13,-3.375077994860476e-13,2.4513724383723456e-13,2.5934809855243657e-13,1.0302869668521453e-13,3.0,3.0,3.0,3.0,3.0,1.0,1.0,1.0,1.0,1.0,13.519164739367248,15.240680757316365,17.265965702964365,19.630392037651905,22.373071206112222,3.473316784699364,3.8591781936408593,4.338348635429348,4.915105659618836,5.594792438654829,4.618527782440651e-14,1.106670310946356e-12,5.471179065352771e-13,-4.725109192804666e-13,-3.232969447708456e-13,2.8377300509419e-13,1.532107773982716e-13,2.3092638912203256e-14,-6.199485369506874e-13,-3.5349501104064984e-13,4.192202140984591e-13,1.106670310946356e-12,LBFGS,1.0,1.0
0.01,0.01,0.01,0.01,0.01,2.9784112322602776,2.9870536760395634,2.993051421596163,2.9968737137266297,2.999010577763591,3.446132268436486e-13,-1.5631940186722204e-13,-2.6645352591003757e-13,3.801403636316536e-13,-2.5579538487363607e-13,3.0,3.0,3.0,3.0,3.0,1.0,0.75,0.75,0.75,0.75,13.51916473936819,15.24068075731883,17.265965702964763,19.63039203765097,22.37307120611081,3.473316784700416,3.8591781936415424,4.33834863542964,4.915105659618529,5.594792438653901,-2.7000623958883807e-13,-2.7711166694643907e-13,2.5934809855243657e-13,-2.0961010704922955e-13,-6.039613253960852e-14,-6.288303211476887e-13,-2.788880237858393e-13,-2.4780177909633494e-13,-4.778399897986674e-13,2.886579864025407e-13,3.801403636316536e-13,6.288303211476887e-13,LBFGS,0.0,1.0
0.01,0.01,0.01,0.01,0.01,2.9784112322602776,2.9870536760395607,2.9930514215961606,2.9968737137266297,2.9990105777635914,1.6342482922482304e-13,-3.694822225952521e-13,-7.815970093361102e-14,3.410605131648481e-13,-7.815970093361102e-14,3.0,3.0,3.0,3.0,3.0,1.0,0.6,0.6,0.6,0.6,13.519164739367733,15.240680757317454,17.265965702964724,19.6303920376513,22.37307120611247,3.473316784700363,3.859178193640947,4.3383486354282566,4.915105659618196,5.5947924386545065,7.283063041541027e-14,4.4231285301066237e-13,-1.2434497875801753e-13,-4.050093593832571e-13,-6.608047442568932e-13,-6.052935930256353e-13,1.6475709685437323e-13,1.0409451078885468e-12,-1.1191048088221578e-13,-5.417888360170764e-14,3.694822225952521e-13,1.0409451078885468e-12,LBFGS,1.0,4.0
0.01,0.01,0.01,0.01,0.01,2.9784112322602683,2.9870536760395643,2.993051421596163,2.9968737137266297,2.999010577763591,3.623767952376511e-13,2.5224267119483557e-13,1.4921397450962104e-13,-1.3500311979441904e-13,1.9895196601282805e-13,3.0,3.0,3.0,3.0,3.0,0.75,3.0,3.0,3.0,3.0,13.51916473936601,15.240680757319092,17.265965702965378,19.630392037650143,22.373071206111117,3.4733167846995605,3.859178193642124,4.338348635429894,4.915105659618325,5.594792438654402,8.686384944667225e-13,-1.1546319456101628e-13,1.0302869668521453e-13,3.375077994860476e-13,1.0658141036401503e-13,1.3766765505351941e-14,-7.576161920042068e-13,-3.872457909892546e-13,-3.446132268436486e-13,-9.414691248821327e-14,3.623767952376511e-13,8.686384944667225e-13,LBFGS,1.0,5.0
0.01,0.01,0.01,0.01,0.01,2.978411232260273,2.9870536760395643,2.993051421596164,2.9968737137266297,2.999010577763591,-2.3092638912203256e-13,-2.948752353404416e-13,-3.517186542012496e-13,-2.0605739337042905e-13,1.5987211554602254e-13,3.0,3.0,3.0,3.0,3.0,0.75,1.5,1.5,1.5,1.5,13.519164739366815,15.240680757318733,17.26596570296606,19.630392037650665,22.3730712061108,3.473316784699409,3.859178193641407,4.33834863542923,4.915105659617531,5.594792438654016,3.694822225952521e-13,-8.704148513061227e-14,-4.725109192804666e-13,-1.8118839761882555e-13,2.7355895326763857e-13,2.1360690993788012e-13,-1.2434497875801753e-13,3.0020430585864233e-13,4.503064587879635e-13,2.540190280342358e-13,3.517186542012496e-13,4.725109192804666e-13,LBFGS,1.0,2.0
0.01,0.01,0.01,0.01,0.01,2.978411232260272,2.9870536760395603,2.9930514215961628,2.9968737137266297,2.999010577763591,-7.815970093361102e-14,2.4513724383723456e-13,-1.4210854715202004e-14,2.2026824808563106e-13,4.618527782440651e-13,3.0,3.0,3.0,3.0,3.0,0.75,1.0,1.0,1.0,1.0,13.519164739366941,15.24068075731824,17.2659657029652,19.630392037651312,22.373071206111526,3.4733167846996666,3.859178193641262,4.3383486354296075,4.915105659618304,5.59479243865469,2.824407374646398e-13,4.085620730620576e-14,4.263256414560601e-14,-4.334310688136611e-13,-9.947598300641403e-14,-2.7533531010703882e-14,-5.1514348342607263e-14,-1.580957587066223e-13,-2.2382096176443156e-13,-3.3217872896784684e-13,4.618527782440651e-13,4.334310688136611e-13,LBFGS,1.0,1.0
0.01,0.01,0.01,0.01,0.01,2.978411232260268,2.9870536760395594,2.993051421596162,2.9968737137266306,2.999010577763591,1.5987211554602254e-13,-7.460698725481052e-14,2.8421709430404007e-13,-1.2079226507921703e-13,1.3500311979441904e-13,3.0,3.0,3.0,3.0,3.0,0.75,0.75,0.75,0.75,0.75,13.51916473936604,15.240680757318437,17.26596570296579,19.630392037651625,22.37307120611109,3.473316784699214,3.8591781936405156,4.33834863542894,4.91510565961853,5.594792438654003,8.260059303211165e-13,-1.936228954946273e-13,-3.765876499528531e-13,-3.268496584496461e-13,1.3500311979441904e-13,3.574918139293004e-13,6.874500968478969e-13,5.559996907322784e-13,-3.481659405224491e-13,3.0464519795714295e-13,2.8421709430404007e-13,8.260059303211165e-13,LBFGS,1.0,1.0
0.01,0.01,0.01,0.01,0.01,2.978411232260271,2.9870536760395616,2.9930514215961646,2.9968737137266297,2.999010577763591,-2.4513724383723456e-13,3.481659405224491e-13,-1.3145040611561853e-13,2.4868995751603507e-13,-1.9895196601282805e-13,3.0,3.0,3.0,3.0,3.0,0.75,0.6,0.6,0.6,0.6,13.519164739366136,15.240680757318408,17.26596570296556,19.63039203765105,22.373071206110183,3.4733167846993735,3.859178193641381,4.338348635430018,4.915105659618035,5.594792438653884,8.242295734817162e-13,1.616484723854228e-13,1.7763568394002505e-13,-1.4210854715202004e-13,6.536993168992922e-13,2.0383694732117874e-13,-1.0391687510491465e-13,-4.511946372076636e-13,5.1514348342607263e-14,3.268496584496461e-13,3.481659405224491e-13,8.242295734817162e-13,LBFGS,0.0,1.0
0.01,0.01,0.01,0.01,0.01,2.978411232260272,2.987053676039566,2.9930514215961646,2.9968737137266297,2.9990105777635914,-2.5934809855243657e-13,-6.821210263296962e-13,-4.547473508864641e-13,-3.552713678800501e-15,-1.7763568394002505e-13,3.0,3.0,3.0,3.0,3.0,0.6,3.0,3.0,3.0,3.0,13.519164739366822,15.240680757318362,17.265965702965232,19.630392037650168,22.373071206111863,3.4733167846990374,3.8591781936416067,4.338348635429522,4.915105659617831,5.594792438654229,2.362554596402333e-13,1.971756091734278e-13,1.3500311979441904e-13,2.4868995751603507e-13,-2.8421709430404007e-13,5.59996493620929e-13,-3.5438318946034997e-13,-4.796163466380676e-14,1.3322676295501878e-13,1.6608936448392342e-13,6.821210263296962e-13,5.59996493620929e-13,LBFGS,1.0,1.0
0.01,0.01,0.01,0.01,0.01,2.9784112322602723,2.9870536760395616,2.993051421596164,2.9968737137266284,2.9990105777635914,1.0658141036401503e-13,4.973799150320701e-14,3.161915174132446e-13,2.3092638912203256e-13,-3.161915174132446e-13,3.0,3.0,3.0,3.0,3.0,0.6,1.5,1.5,1.5,1.5,13.519164739367781,15.240680757318165,17.265965702966042,19.630392037649603,22.37307120611216,3.473316784699549,3.859178193641425,4.3383486354302505,4.915105659617349,5.59479243865449,-2.7355895326763857e-13,1.3855583347321954e-13,-2.2026824808563106e-13,2.1316282072803006e-13,-5.684341886080801e-13,1.5898393712632242e-13,-2.149391775674303e-13,-6.59916565837193e-13,4.698463840213662e-13,-9.14823772291129e-14,3.161915174132446e-13,6.59916565837193e-13,LBFGS,1.0,1.0
0.01,0.01,0.01,0.01,0.01,2.978411232260275,2.9870536760395607,2.9930514215961628,2.9968737137266297,2.9990105777635914,1.8474111129762605e-13,-2.5579538487363607e-13,1.6697754290362354e-13,7.460698725481052e-14,-3.268496584496461e-13,3.0,3.0,3.0,3.0,3.0,0.6,1.0,1.0,1.0,1.0,13.519164739366875,15.240680757318415,17.265965702965637,19.630392037650694,22.373071206111447,3.473316784700126,3.85917819364073,4.338348635429355,4.915105659618124,5.594792438654673,5.151434834260726e-13,-2.3447910280083306e-13,-2.6645352591003757e-13,-7.815970093361102e-14,7.105427357601002e-15,-4.574118861455645e-13,4.5208281562736374e-13,1.2612133559741778e-13,-1.1013412404281553e-13,-3.090860900556436e-13,3.268496584496461e-13,5.151434834260726e-13,LBFGS,1.0,1.0
0.01,0.01,0.01,0.01,0.01,2.9784112322602763,2.987053676039562,2.9930514215961628,2.9968737137266297,2.9990105777635914,-2.4868995751603507e-14,-1.7053025658242404e-13,-2.8066438062523957e-13,1.0658141036401503e-13,-1.1723955140041653e-13,3.0,3.0,3.0,3.0,3.0,0.6,0.75,0.75,0.75,0.75,13.519164739367602,15.240680757318254,17.26596570296533,19.630392037650246,22.373071206111963,3.473316784699989,3.8591781936411707,4.338348635429014,4.915105659618324,5.594792438654734,-2.1316282072803006e-14,-1.0658141036401503e-14,-2.5579538487363607e-13,2.2382096176443156e-13,-3.375077994860476e-13,-2.8199664825478976e-13,2.1760371282653068e-14,3.934630399271555e-13,-3.4638958368304884e-13,-3.268496584496461e-13,2.8066438062523957e-13,3.934630399271555e-13,LBFGS,0.0,1.0
0.01,0.01,0.01,0.01,0.01,2.9784112322602705,2.9870536760395576,2.993051421596164,2.9968737137266293,2.9990105777635914,1.5987211554602254e-13,-5.222489107836736e-13,-2.7000623958883807e-13,4.511946372076636e-13,3.268496584496461e-13,3.0,3.0,3.0,3.0,3.0,0.6,0.6,0.6,0.6,0.6,13.519164739367788,15.240680757317394,17.265965702966128,19.630392037650168,22.37307120611232,3.473316784699235,3.859178193640027,4.338348635429626,4.915105659618366,5.594792438655342,-3.7125857943465235e-13,1.0302869668521453e-13,-5.009326287108706e-13,2.984279490192421e-13,-2.948752353404416e-13,4.591882429849647e-13,9.974243653232406e-13,-8.615330671091215e-14,-3.872457909892546e-13,-8.348877145181177e-13,5.222489107836736e-13,9.974243653232406e-13,LBFGS,0.0,1.0
0.01,0.01,0.01,0.01,0.01,2.9784112322602736,2.9870536760395616,2.9930514215961628,2.9968737137266297,2.9990105777635914,6.394884621840902e-13,-3.907985046680551e-13,-1.7763568394002505e-14,-1.0658141036401503e-13,-2.3092638912203256e-13,3.0,6.0,6.0,6.0,6.0,3.0,6.0,6.0,6.0,6.0,13.519164739367607,15.240680757317373,17.265965702965115,19.630392037650726,22.373071206111796,3.4733167846999975,3.859178193641184,4.338348635429361,4.915105659617869,5.594792438654589,6.927791673660977e-14,5.950795411990839e-13,8.526512829121202e-14,-1.5631940186722204e-13,-1.9539925233402755e-13,-2.5002222514558525e-13,-5.861977570020827e-14,7.72715225139109e-14,1.3322676295501878e-13,-1.8918200339612667e-13,6.394884621840902e-13,5.950795411990839e-13,LBFGS,1.0,1.0
0.01,0.01,0.01,0.01,0.01,2.978411232260275,2.987053676039563,2.9930514215961646,2.9968737137266293,2.9990105777635914,-2.6645352591003757e-13,-7.105427357601002e-15,-4.121147867408581e-13,-1.2079226507921703e-13,7.105427357601002e-15,3.0,6.0,6.0,6.0,6.0,3.0,3.0,3.0,3.0,3.0,13.519164739367932,15.240680757318374,17.265965702965538,19.63039203764997,22.37307120611221,3.4733167846994886,3.859178193641453,4.338348635429761,4.915105659617622,5.594792438654791,-4.2810199829546036e-13,-7.105427357601002e-15,-1.4210854715202004e-13,6.394884621840902e-14,-5.080380560684716e-13,2.0383694732117874e-13,-2.327027459614328e-13,-2.7977620220553945e-13,2.4780177909633494e-13,-3.6415315207705135e-13,4.121147867408581e-13,5.080380560684716e-13,LBFGS,0.0,1.0
0.01,0.01,0.01,0.01,0.01,2.9784112322602763,2.9870536760395603,2.993051421596163,2.9968737137266297,2.9990105777635914,-5.790923296444817e-13,8.526512829121202e-14,-1.7763568394002505e-13,2.5224267119483557e-13,-2.3447910280083306e-13,3.0,6.0,6.0,6.0,6.0,3.0,2.0,2.0,2.0,2.0,13.519164739366683,15.240680757318422,17.265965702965385,19.630392037650754,22.373071206111586,3.473316784699809,3.8591781936407155,4.338348635429228,4.915105659618137,5.594792438654542,5.435651928564766e-13,-1.794120407794253e-13,-1.0302869668521453e-13,-4.618527782440651e-14,-4.618527782440651e-14,-1.9229062786507711e-13,4.849454171562684e-13,2.291500322826323e-13,-9.947598300641403e-14,-1.5631940186722204e-13,5.790923296444817e-13,5.435651928564766e-13,LBFGS,1.0,3.0
0.01,0.01,0.01,0.01,0.01,2.978411232260271,2.9870536760395616,2.993051421596163,2.9968737137266297,2.999010577763591,-4.902744876744691e-13,-8.526512829121202e-14,3.126388037344441e-13,1.7408297026122455e-13,3.872457909892546e-13,3.0,6.0,6.0,6.0,6.0,3.0,1.5,1.5,1.5,1.5,13.519164739367085,15.240680757318422,17.26596570296575,19.630392037652015,22.37307120611087,3.47331678469914,3.8591781936412484,4.338348635429866,4.915105659617867,5.594792438654894,-3.197442310920451e-14,-1.1546319456101628e-13,-2.2382096176443156e-13,-1.0693668173189508e-12,3.375077994860476e-13,4.583000645652646e-13,-3.8191672047105385e-14,-3.4638958368304884e-13,2.3003821070233244e-13,-5.906386491005833e-13,4.902744876744691e-13,1.0693668173189508e-12,LBFGS,1.0,1.0
0.01,0.01,0.01,0.01,0.01,2.9784112322602723,2.987053676039563,2.9930514215961646,2.9968737137266306,2.9990105777635914,-2.7711166694643907e-13,-3.481659405224491e-13,-2.1671553440683056e-13,3.907985046680551e-14,-2.6645352591003757e-13,3.0,6.0,6.0,6.0,6.0,3.0,1.2,1.2,1.2,1.2,13.519164739367103,15.240680757318172,17.265965702965683,19.63039203765118,22.373071206111536,3.473316784699221,3.8591781936412337,4.338348635429861,4.9151056596188685,5.594792438654766,-4.796163466380676e-14,-7.105427357601002e-15,-2.2737367544323206e-13,-2.0605739337042905e-13,-1.7408297026122455e-13,3.7347902548390266e-13,-6.483702463810914e-14,-3.6415315207705135e-13,-7.673861546209082e-13,-4.2454928461665986e-13,3.481659405224491e-13,7.673861546209082e-13,LBFGS,0.0,1.0
0.01,0.01,0.01,0.01,0.01,2.9784112322602763,2.9870536760395616,2.9930514215961654,2.9968737137266293,2.999010577763591,-2.6645352591003757e-13,-1.4210854715202004e-14,-2.7000623958883807e-13,-4.938272013532696e-13,6.075140390748857e-13,3.0,6.0,6.0,6.0,6.0,1.5,6.0,6.0,6.0,6.0,13.519164739366522,15.240680757316968,17.265965702966778,19.63039203765042,22.373071206111355,3.47331678470008,3.8591781936414797,4.338348635429922,4.915105659616894,5.59479243865455,7.673861546209082e-13,1.0089706847793423e-12,-6.643574579356937e-13,-3.055333763768431e-13,1.2789769243681803e-13,-4.4586556668946287e-13,-3.503863865716994e-13,-2.6556534749033744e-13,9.956480084838404e-13,-1.7763568394002505e-13,6.075140390748857e-13,1.0089706847793423e-12,LBFGS,1.0,5.0
0.01,0.01,0.01,0.01,0.01,2.9784112322602616,2.987053676039563,2.993051421596162,2.9968737137266293,2.9990105777635914,3.694822225952521e-13,-9.237055564881302e-14,2.877698079828406e-13,1.5276668818842154e-13,-3.801403636316536e-13,3.0,6.0,6.0,6.0,6.0,1.5,3.0,3.0,3.0,3.0,13.519164739365783,15.24068075732,17.26596570296544,19.630392037650928,22.37307120611116,3.4733167846983717,3.8591781936410436,4.338348635429045,4.915105659617516,5.59479243865458,7.212008767965017e-13,-9.36140054363932e-13,-1.0658141036401503e-13,-2.7711166694643907e-13,3.410605131648481e-13,1.1404210908949608e-12,3.4772185131259903e-13,4.298783551348606e-13,5.089262344881718e-13,-2.0516921495072893e-13,3.801403636316536e-13,1.1404210908949608e-12,LBFGS,1.0,2.0
0.01,0.01,0.01,0.01,0.01,2.978411232260276,2.987053676039563,2.993051421596164,2.9968737137266293,2.9990105777635914,-3.019806626980426e-13,0.0,3.694822225952521e-13,-3.090860900556436e-13,-3.268496584496461e-13,3.0,6.0,6.0,6.0,6.0,1.5,2.0,2.0,2.0,2.0,13.519164739367236,15.24068075731872,17.26596570296641,19.630392037649454,22.373071206111078,3.4733167846998247,3.8591781936413985,4.338348635429953,4.915105659617626,5.594792438654872,1.4033219031261979e-13,-2.0250467969162855e-13,-5.471179065352771e-13,4.298783551348606e-13,2.5934809855243657e-13,-1.6786572132332367e-13,-1.4077627952246985e-13,-3.517186542012496e-13,2.0694557179012918e-13,-5.373479439185758e-13,3.694822225952521e-13,5.471179065352771e-13,LBFGS,1.0,1.0
0.01,0.01,0.01,0.01,0.01,2.978411232260275,2.9870536760395616,2.9930514215961606,2.9968737137266293,2.9990105777635914,1.4210854715202004e-14,-8.881784197001252e-14,7.176481631177012e-13,-6.039613253960852e-14,-1.1013412404281553e-13,3.0,6.0,6.0,6.0,6.0,1.5,1.5,1.5,1.5,1.5,13.519164739367872,15.240680757319328,17.26596570296451,19.630392037649656,22.37307120611214,3.4733167846999145,3.8591781936409904,4.338348635429195,4.9151056596180505,5.594792438654807,-1.900701818158268e-13,-7.034373084024992e-13,3.304023721284466e-13,4.831690603168681e-13,-3.943512183468556e-13,-1.7674750552032492e-13,2.97983859809392e-13,1.6431300764452317e-13,-1.5365486660812167e-13,-3.703704010149522e-13,7.176481631177012e-13,7.034373084024992e-13,LBFGS,1.0,1.0
0.01,0.01,0.01,0.01,0.01,2.978411232260275,2.9870536760395603,2.993051421596163,2.9968737137266293,2.9990105777635914,-4.689582056016661e-13,-2.1316282072803006e-13,5.826450433232822e-13,1.4210854715202004e-14,-1.9895196601282805e-13,3.0,6.0,6.0,6.0,6.0,1.5,1.2,1.2,1.2,1.2,13.51916473936762,15.240680757318003,17.265965702965776,19.63039203764991,22.373071206111725,3.4733167846995103,3.8591781936407137,4.3383486354298855,4.915105659617797,5.594792438654635,-1.4921397450962104e-13,4.618527782440651e-14,-1.1013412404281553e-13,3.055333763768431e-13,-1.2434497875801753e-13,1.723066134218243e-13,4.3787196091216174e-13,-3.312905505481467e-13,1.1812772982011666e-13,-2.353672812205332e-13,5.826450433232822e-13,4.3787196091216174e-13,LBFGS,1.0,1.0
0.01,0.01,0.01,0.01,0.01,2.978411232260271,2.9870536760395616,2.9930514215961628,2.9968737137266293,2.999010577763591,5.861977570020827e-13,-1.4210854715202004e-13,-2.8066438062523957e-13,4.618527782440651e-13,2.6645352591003757e-13,3.0,6.0,6.0,6.0,6.0,1.0,6.0,6.0,6.0,6.0,13.519164739367955,15.240680757318165,17.265965702965268,19.630392037650953,22.373071206111028,3.4733167846996844,3.859178193641395,4.338348635429354,4.9151056596182245,5.594792438654672,-3.161915174132446e-13,1.3322676295501878e-13,-9.592326932761353e-14,-2.4868995751603507e-13,1.9539925233402755e-13,6.52811138479592e-14,-1.8696155734687636e-13,7.638334409421077e-14,-1.865174681370263e-13,-3.6415315207705135e-13,5.861977570020827e-13,3.6415315207705135e-13,LBFGS,1.0,1.0
0.01,0.01,0.01,0.01,0.01,2.9784112322602705,2.987053676039563,2.9930514215961628,2.9968737137266293,2.999010577763591,-1.2079226507921703e-13,-1.4210854715202004e-14,-3.552713678800501e-15,1.3855583347321954e-13,1.4566126083082054e-13,3.0,6.0,6.0,6.0,6.0,1.0,3.0,3.0,3.0,3.0,13.519164739367415,15.240680757319058,17.265965702965506,19.630392037650815,22.373071206111476,3.4733167846991324,3.859178193641405,4.338348635429295,4.915105659617654,5.594792438653963,-1.4210854715202004e-13,-3.481659405224491e-13,-1.8474111129762605e-13,-3.055333763768431e-13,-2.6290081223123707e-13,5.240252676230739e-13,-1.0036416142611415e-13,1.7408297026122455e-13,3.348432642269472e-13,3.419486915845482e-13,1.4566126083082054e-13,5.240252676230739e-13,LBFGS,1.0,2.0
0.01,0.01,0.01,0.01,0.01,2.9784112322602705,2.9870536760395594,2.9930514215961654,2.9968737137266297,2.999010577763591,-1.3145040611561853e-13,1.8118839761882555e-13,-2.842170943040401e-14,3.304023721284466e-13,2.1316282072803006e-14,3.0,6.0,6.0,6.0,6.0,1.0,2.0,2.0,2.0,2.0,13.519164739366857,15.240680757317252,17.265965702967524,19.630392037650953,22.37307120611081,3.473316784699344,3.859178193641147,4.338348635430161,4.9151056596184945,5.594792438654316,2.113864638886298e-13,5.915268275202834e-13,-1.1652900866465643e-12,-1.5987211554602254e-13,1.7053025658242404e-13,2.6334490144108713e-13,-4.1300296516055823e-14,-4.432010314303625e-13,-4.360956040727615e-13,-6.927791673660977e-14,3.304023721284466e-13,1.1652900866465643e-12,LBFGS,1.0,2.0
0.01,0.01,0.01,0.01,0.01,2.978411232260272,2.987053676039563,2.993051421596164,2.9968737137266284,2.999010577763591,6.394884621840902e-14,-1.1368683772161603e-13,1.6342482922482304e-13,-1.3855583347321954e-13,4.369837824924616e-13,3.0,6.0,6.0,6.0,6.0,1.0,1.5,1.5,1.5,1.5,13.519164739367788,15.240680757318456,17.265965702965975,19.63039203764937,22.373071206111,3.473316784699409,3.8591781936415397,4.338348635430052,4.915105659616893,5.594792438654664,-2.3092638912203256e-13,1.1013412404281553e-13,-1.3855583347321954e-13,3.126388037344441e-13,3.659295089164516e-13,3.12194714524594e-13,-2.708944180085382e-13,-4.583000645652646e-13,8.917311333789257e-13,-3.206324095117452e-13,4.369837824924616e-13,8.917311333789257e-13,LBFGS,1.0,1.0
0.01,0.01,0.01,0.01,0.01,2.978411232260276,2.987053676039563,2.9930514215961646,2.996873713726631,2.9990105777635914,-5.933031843596837e-13,-1.7763568394002505e-14,-5.329070518200751e-13,-3.517186542012496e-13,-7.105427357601002e-15,3.0,6.0,6.0,6.0,6.0,1.0,1.2,1.2,1.2,1.2,13.51916473936789,15.240680757318254,17.26596570296514,19.630392037650978,22.373071206111725,3.4733167846993513,3.8591781936413994,4.338348635429725,4.915105659619027,5.5947924386551025,-5.506706202140776e-13,-6.039613253960852e-14,-3.197442310920451e-14,-1.1368683772161603e-13,-2.3447910280083306e-13,2.9398705692074145e-13,-2.2160051571518125e-13,-3.1530333899354446e-13,-9.539036227579345e-13,-7.291944825738028e-13,5.933031843596837e-13,9.539036227579345e-13,LBFGS,0.0,1.0
0.01,0.01,0.01,0.01,0.01,2.9784112322602723,2.987053676039563,2.993051421596162,2.9968737137266293,2.999010577763591,0.0,6.039613253960852e-14,1.0302869668521453e-13,2.0605739337042905e-13,8.171241461241152e-14,3.0,6.0,6.0,6.0,6.0,0.75,6.0,6.0,6.0,6.0,13.519164739366623,15.240680757318659,17.26596570296491,19.63039203765103,22.373071206110343,3.4733167846997075,3.859178193641561,4.3383486354290755,4.915105659617541,5.5947924386542836,6.643574579356937e-13,9.237055564881302e-14,2.3803181647963356e-13,-3.055333763768431e-13,7.531752999057062e-13,-5.417888360170764e-14,-2.4558133304708463e-13,3.5349501104064984e-13,5.027089855502709e-13,-7.993605777301127e-15,2.0605739337042905e-13,7.531752999057062e-13,LBFGS,1.0,2.0
0.01,0.01,0.01,0.01,0.01,2.9784112322602745,2.9870536760395603,2.9930514215961646,2.9968737137266297,2.9990105777635914,2.7000623958883807e-13,-2.0605739337042905e-13,5.684341886080802e-14,2.7000623958883807e-13,-4.121147867408581e-13,3.0,6.0,6.0,6.0,6.0,0.75,3.0,3.0,3.0,3.0,13.519164739368058,15.240680757317088,17.26596570296602,19.630392037651067,22.373071206111774,3.4733167846999113,3.8591781936411507,4.33834863543027,4.915105659618425,5.5947924386546966,-4.2099657093785936e-13,5.737632591262809e-13,-3.304023721284466e-13,-3.907985046680551e-13,-4.192202140984591e-13,-1.8030021919912542e-13,-9.459100169806334e-14,-7.149836278586008e-13,-3.9612757518625585e-13,-3.5793590313915047e-13,4.121147867408581e-13,7.149836278586008e-13,LBFGS,1.0,1.0
0.01,0.01,0.01,0.01,0.01,2.978411232260269,2.9870536760395603,2.9930514215961614,2.9968737137266284,2.9990105777635914,4.121147867408581e-13,2.7000623958883807e-13,2.0250467969162855e-13,2.877698079828406e-13,2.4158453015843406e-13,3.0,6.0,6.0,6.0,6.0,0.75,2.0,2.0,2.0,2.0,13.519164739367529,15.240680757318652,17.2659657029655,19.630392037649287,22.373071206113035,3.473316784699494,3.8591781936412826,4.338348635429098,4.915105659617774,5.594792438655084,-1.1723955140041653e-13,-2.007283228522283e-13,-3.268496584496461e-13,5.719869022868806e-13,-8.562039965909207e-13,2.0650148258027912e-13,-3.019806626980426e-14,3.3928415632544784e-13,5.5067062021407764e-14,-5.39124300757976e-13,4.121147867408581e-13,8.562039965909207e-13,LBFGS,1.0,2.0
0.01,0.01,0.01,0.01,0.01,2.978411232260281,2.9870536760395607,2.9930514215961628,2.9968737137266293,2.999010577763591,-2.6290081223123707e-13,-2.4158453015843406e-13,5.577760475716786e-13,-8.526512829121202e-14,-2.6290081223123707e-13,3.0,6.0,6.0,6.0,6.0,0.75,1.5,1.5,1.5,1.5,13.519164739368623,15.240680757318307,17.26596570296536,19.630392037650275,22.37307120611059,3.4733167847003794,3.8591781936407,4.338348635429716,4.915105659617461,5.5947924386536325,-4.2099657093785936e-13,-1.0302869668521453e-13,1.3145040611561853e-13,1.0658141036401503e-14,2.0605739337042905e-13,-5.444533712761768e-13,4.880540416252188e-13,-2.0339285811132868e-13,4.725109192804666e-13,5.684341886080801e-13,5.577760475716786e-13,5.684341886080801e-13,LBFGS,1.0,1.0
0.01,0.01,0.01,0.01,0.01,2.9784112322602736,2.9870536760395634,2.9930514215961606,2.9968737137266297,2.999010577763591,-4.689582056016661e-13,7.105427357601002e-15,3.268496584496461e-13,6.394884621840902e-14,3.481659405224491e-13,3.0,6.0,6.0,6.0,6.0,0.75,1.2,1.2,1.2,1.2,13.519164739367602,15.24068075731941,17.265965702964962,19.63039203765051,22.373071206111476,3.4733167846994224,3.859178193641487,4.3383486354286225,4.915105659618292,5.594792438654366,-1.9184653865522705e-13,-5.542233338928781e-13,-1.4566126083082054e-13,9.592326932761353e-14,-1.4566126083082054e-13,2.5135449277513544e-13,-1.4788170688007085e-13,7.300826609935029e-13,-2.8066438062523957e-13,-3.197442310920451e-14,4.689582056016661e-13,7.300826609935029e-13,LBFGS,1.0,1.0
0.01,0.01,0.01,0.01,0.01,2.978411232260263,2.987053676039563,2.9930514215961628,2.9968737137266297,2.999010577763591,7.531752999057062e-13,4.263256414560601e-14,1.4566126083082054e-13,5.542233338928781e-13,-4.334310688136611e-13,3.0,6.0,6.0,6.0,6.0,0.6,6.0,6.0,6.0,6.0,13.519164739367337,15.240680757318591,17.26596570296583,19.630392037650708,22.373071206109845,3.473316784698614,3.8591781936417555,4.338348635429496,4.9151056596188685,5.594792438654041,-1.9895196601282805e-13,1.0835776720341528e-13,-2.5934809855243657e-13,2.877698079828406e-13,8.135714324453147e-13,1.049826892085548e-12,-4.5297099404706387e-13,3.552713678800501e-14,-7.585043704239069e-13,1.2523315717771766e-13,7.531752999057062e-13,1.049826892085548e-12,LBFGS,0.0,1.0
0.01,0.01,0.01,0.01,0.01,2.9784112322602763,2.9870536760395607,2.9930514215961628,2.9968737137266297,2.9990105777635914,-2.5934809855243657e-13,-2.7355895326763857e-13,-2.7711166694643907e-13,-3.268496584496461e-13,-3.552713678800501e-15,3.0,6.0,6.0,6.0,6.0,0.6,3.0,3.0,3.0,3.0,13.51916473936729,15.240680757318456,17.26596570296465,19.6303920376501,22.373071206112073,3.473316784699698,3.859178193640388,4.338348635428927,4.915105659617463,5.594792438654286,2.4868995751603507e-13,-2.0605739337042905e-13,3.694822225952521e-13,2.5579538487363607e-13,-2.4868995751603507e-13,-3.552713678800501e-15,8.109068971862143e-13,4.662936703425657e-13,4.858335955759685e-13,1.7053025658242404e-13,3.268496584496461e-13,8.109068971862143e-13,LBFGS,1.0,2.0
0.01,0.01,0.01,0.01,0.01,2.978411232260271,2.9870536760395647,2.993051421596164,2.9968737137266284,2.999010577763591,1.2079226507921703e-13,3.161915174132446e-13,-7.105427357601002e-15,-6.039613253960852e-14,3.197442310920451e-14,3.0,6.0,6.0,6.0,6.0,0.6,2.0,2.0,2.0,2.0,13.51916473936714,15.240680757319193,17.265965702965804,19.630392037649315,22.373071206110403,3.4733167846994375,3.8591781936421214,4.338348635429912,4.915105659616937,5.5947924386542605,2.149391775674303e-13,-7.460698725481052e-14,-3.907985046680551e-14,4.263256414560601e-13,6.288303211476887e-13,2.389199948993337e-13,-7.212008767965017e-13,-3.3661962106634746e-13,8.633094239485217e-13,-8.881784197001252e-16,3.161915174132446e-13,8.633094239485217e-13,LBFGS,1.0,1.0
0.01,0.01,0.01,0.01,0.01,2.9784112322602745,2.987053676039559,2.9930514215961628,2.9968737137266284,2.999010577763591,3.623767952376511e-13,6.394884621840902e-14,7.105427357601002e-14,3.801403636316536e-13,5.080380560684716e-13,3.0,6.0,6.0,6.0,6.0,0.6,1.5,1.5,1.5,1.5,13.519164739368303,15.240680757317515,17.2659657029653,19.630392037650047,22.373071206111426,3.473316784700104,3.8591781936410308,4.338348635429707,4.915105659617451,5.594792438654789,-3.2507330161024584e-13,4.654054919228656e-13,1.0658141036401503e-13,9.237055564881302e-14,1.0302869668521453e-13,-2.8910207561239076e-13,1.1013412404281553e-13,-2.1671553440683056e-13,4.4853010194856324e-13,-4.050093593832571e-13,5.080380560684716e-13,4.654054919228656e-13,LBFGS,1.0,2.0
0.01,0.01,0.01,0.01,0.01,2.978411232260272,2.9870536760395616,2.993051421596163,2.9968737137266297,2.999010577763591,4.973799150320701e-14,-9.237055564881302e-14,3.552713678800501e-13,-3.339550858072471e-13,2.3803181647963356e-13,3.0,6.0,6.0,6.0,6.0,0.6,1.2,1.2,1.2,1.2,13.519164739367001,15.240680757317936,17.265965702965346,19.630392037650456,22.373071206111696,3.473316784699547,3.8591781936412732,4.338348635429888,4.915105659617717,5.59479243865386,3.2152058793144533e-13,3.5704772471945034e-13,2.1671553440683056e-13,2.1316282072803006e-14,-3.304023721284466e-13,1.1723955140041653e-13,-6.661338147750939e-14,-3.597122599785507e-13,2.6201263381153694e-13,4.831690603168681e-13,3.552713678800501e-13,4.831690603168681e-13,LBFGS,0.0,1.0
0.01,0.01,0.01,0.01,0.01,2.978411232260272,2.9870536760395594,2.9930514215961628,2.9968737137266297,2.999010577763591,1.4921397450962104e-13,-2.6645352591003757e-13,8.526512829121202e-14,4.689582056016661e-13,2.2737367544323206e-13,3.0,9.0,9.0,9.0,9.0,3.0,9.0,9.0,9.0,9.0,13.519164739367362,15.24068075731759,17.265965702966007,19.630392037651266,22.373071206111177,3.473316784699649,3.8591781936407608,4.338348635429345,4.91510565961853,5.594792438654418,5.684341886080802e-14,2.8421709430404007e-13,-4.973799150320701e-13,-2.6645352591003757e-13,4.973799150320701e-14,3.952393967665557e-14,3.5083047578154947e-13,1.7141843500212417e-13,-4.2010839251815923e-13,-1.092459456231154e-13,4.689582056016661e-13,4.973799150320701e-13,LBFGS,1.0,1.0
0.01,0.01,0.01,0.01,0.01,2.978411232260279,2.987053676039562,2.9930514215961628,2.9968737137266297,2.9990105777635914,-1.8118839761882555e-13,-1.1368683772161603e-13,1.7763568394002505e-14,-2.8066438062523957e-13,7.815970093361102e-14,3.0,9.0,9.0,9.0,9.0,3.0,4.5,4.5,4.5,4.5,13.519164739368106,15.240680757318266,17.265965702964824,19.630392037649994,22.373071206111824,3.4733167847002244,3.8591781936412355,4.338348635429505,4.915105659618031,5.594792438655187,-2.877698079828406e-13,-2.842170943040401e-14,1.9539925233402755e-13,2.1316282072803006e-13,-1.1723955140041653e-13,-4.725109192804666e-13,-4.39648317751562e-14,-1.1102230246251565e-13,-1.1901590823981678e-13,-7.593925488436071e-13,2.8066438062523957e-13,7.593925488436071e-13,LBFGS,0.0,1.0
0.01,0.01,0.01,0.01,0.01,2.978411232260279,2.987053676039562,2.9930514215961614,2.9968737137266297,2.9990105777635914,-3.659295089164516e-13,-4.263256414560601e-13,-1.2434497875801753e-13,8.171241461241152e-14,9.237055564881302e-14,3.0,9.0,9.0,9.0,9.0,3.0,3.0,3.0,3.0,3.0,13.519164739368863,15.240680757317271,17.265965702964458,19.63039203765082,22.37307120611199,3.47331678469983,3.85917819364119,4.338348635428642,4.915105659617941,5.5947924386549035,-8.206768598029157e-13,6.377121053446899e-13,1.8118839761882555e-13,-2.1316282072803006e-13,-2.0961010704922955e-13,-2.4868995751603507e-14,-8.126832540256146e-14,6.616929226765933e-13,7.105427357601002e-14,-4.574118861455645e-13,4.263256414560601e-13,8.206768598029157e-13,LBFGS,0.0,1.0
0.01,0.01,0.01,0.01,0.01,2.978411232260273,2.9870536760395594,2.993051421596162,2.9968737137266306,2.999010577763591,-1.4210854715202004e-13,2.6645352591003757e-13,1.4921397450962104e-13,-3.019806626980426e-13,2.3092638912203256e-13,3.0,9.0,9.0,9.0,9.0,3.0,2.25,2.25,2.25,2.25,13.519164739367374,15.240680757317753,17.265965702964234,19.630392037651138,22.373071206111785,3.4733167846995388,3.8591781936409304,4.3383486354293215,4.915105659618506,5.594792438653748,1.0480505352461478e-13,3.765876499528531e-13,7.034373084024992e-13,-6.039613253960852e-14,-3.943512183468556e-13,1.5631940186722204e-13,2.4646951146678475e-13,5.595524044110789e-14,-3.7925218521195347e-13,6.012967901369848e-13,3.019806626980426e-13,7.034373084024992e-13,LBFGS,1.0,2.0
0.01,0.01,0.01,0.01,0.01,2.9784112322602705,2.9870536760395616,2.9930514215961654,2.9968737137266297,2.9990105777635914,-1.2434497875801753e-13,1.4210854715202004e-14,-4.511946372076636e-13,9.947598300641403e-14,-3.907985046680551e-13,3.0,9.0,9.0,9.0,9.0,3.0,1.8,1.8,1.8,1.8,13.519164739366918,15.240680757318056,17.265965702966067,19.630392037649735,22.373071206111387,3.473316784699032,3.859178193641095,4.338348635429902,4.915105659618323,5.594792438654331,1.758593271006248e-13,2.078337502098293e-13,-2.3803181647963356e-13,6.750155989720952e-13,1.7763568394002505e-14,5.808686864838819e-13,1.0524914273446484e-13,-3.170796958329447e-13,-3.597122599785507e-13,2.042810365310288e-14,4.511946372076636e-13,6.750155989720952e-13,LBFGS,1.0,1.0
0.01,0.01,0.01,0.01,0.01,2.9784112322602745,2.9870536760395643,2.993051421596162,2.9968737137266293,2.999010577763591,-1.5987211554602254e-13,-2.5224267119483557e-13,-4.263256414560601e-14,2.0961010704922955e-13,1.4210854715202004e-14,3.0,9.0,9.0,9.0,9.0,1.5,9.0,9.0,9.0,9.0,13.519164739368094,15.240680757318781,17.26596570296473,19.630392037650473,22.37307120611084,3.473316784699477,3.8591781936415552,4.338348635428879,4.915105659617688,5.5947924386538554,-3.623767952376511e-13,-3.552713678800501e-14,2.3092638912203256e-13,3.197442310920451e-14,2.1316282072803006e-13,2.731148640577885e-13,-2.4780177909633494e-13,5.03597163969971e-13,3.0020430585864233e-13,4.0945025148175773e-13,2.5224267119483557e-13,5.03597163969971e-13,LBFGS,1.0,2.0
0.01,0.01,0.01,0.01,0.01,2.9784112322602736,2.9870536760395603,2.9930514215961614,2.9968737137266297,2.999010577763591,5.186961971048731e-13,4.050093593832571e-13,1.4566126083082054e-13,2.3092638912203256e-13,2.4868995751603507e-14,3.0,9.0,9.0,9.0,9.0,1.5,4.5,4.5,4.5,4.5,13.519164739367692,15.240680757318334,17.265965702964802,19.630392037651475,22.37307120611099,3.473316784700235,3.859178193641463,4.338348635429282,4.915105659618377,5.594792438654432,1.7763568394002505e-14,4.618527782440651e-14,1.3855583347321954e-13,-5.293543381412746e-13,8.881784197001252e-14,-4.805045250577678e-13,-2.26929586233382e-13,9.681144774731365e-14,-2.8066438062523957e-13,-1.6076029396572267e-13,5.186961971048731e-13,5.293543381412746e-13,LBFGS,1.0,2.0
0.01,0.01,0.01,0.01,0.01,2.9784112322602745,2.987053676039562,2.9930514215961628,2.9968737137266293,2.9990105777635914,1.7763568394002505e-13,-2.2737367544323206e-13,7.460698725481052e-14,-9.237055564881302e-14,-4.547473508864641e-13,3.0,9.0,9.0,9.0,9.0,1.5,3.0,3.0,3.0,3.0,13.51916473936735,15.240680757318165,17.26596570296517,19.630392037650264,22.37307120611131,3.4733167846997945,3.859178193641036,4.338348635429228,4.915105659617315,5.594792438654187,2.398081733190338e-13,1.8474111129762605e-13,1.4566126083082054e-13,5.684341886080802e-14,1.1723955140041653e-13,-7.593925488436071e-14,1.8252066524837574e-13,2.389199948993337e-13,6.270539643082884e-13,1.6964207816272392e-13,4.547473508864641e-13,6.270539643082884e-13,LBFGS,1.0,4.0
0.01,0.01,0.01,0.01,0.01,2.9784112322602745,2.9870536760395594,2.9930514215961628,2.9968737137266297,2.9990105777635914,-2.1671553440683056e-13,2.0961010704922955e-13,-6.750155989720952e-14,-2.4513724383723456e-13,-2.842170943040401e-14,3.0,9.0,9.0,9.0,9.0,1.5,2.25,2.25,2.25,2.25,13.5191647393675,15.240680757317921,17.265965702965175,19.630392037650047,22.3730712061123,3.473316784699581,3.8591781936407377,4.338348635429194,4.915105659617879,5.5947924386544585,3.552713678800501e-15,1.6697754290362354e-13,3.907985046680551e-14,3.197442310920451e-13,-4.583000645652646e-13,1.1368683772161603e-13,4.289901767151605e-13,2.4868995751603507e-13,7.283063041541027e-14,1.7763568394002505e-15,2.4513724383723456e-13,4.583000645652646e-13,LBFGS,1.0,2.0
0.01,0.01,0.01,0.01,0.01,2.978411232260267,2.9870536760395567,2.993051421596162,2.9968737137266297,2.9990105777635914,-8.526512829121202e-14,6.465938895416912e-13,4.511946372076636e-13,4.405364961712621e-13,4.263256414560601e-13,3.0,9.0,9.0,9.0,9.0,1.5,1.8,1.8,1.8,1.8,13.519164739365062,15.24068075731715,17.26596570296534,19.6303920376509,22.373071206111515,3.473316784699496,3.859178193641005,4.338348635429626,4.9151056596188285,5.594792438656107,1.4779288903810084e-12,7.354117315117037e-13,9.947598300641403e-14,1.5987211554602254e-13,6.252776074688882e-13,-2.220446049250313e-15,1.2434497875801753e-13,-1.2434497875801753e-13,-7.034373084024992e-13,-1.5711876244495215e-12,6.465938895416912e-13,1.5711876244495215e-12,LBFGS,1.0,3.0
0.01,0.01,0.01,0.01,0.01,2.9784112322602736,2.9870536760395594,2.993051421596164,2.9968737137266297,2.999010577763591,3.517186542012496e-13,-1.7763568394002505e-14,-1.2079226507921703e-13,2.842170943040401e-14,1.2789769243681803e-13,3.0,9.0,9.0,9.0,9.0,1.0,9.0,9.0,9.0,9.0,13.519164739367866,15.240680757317618,17.26596570296622,19.630392037650132,22.373071206111696,3.4733167846998803,3.8591781936408807,4.338348635429771,4.915105659618453,5.594792438653957,-1.8829382497642655e-13,2.9309887850104133e-13,-4.973799150320701e-13,3.623767952376511e-13,-4.760636329592671e-13,-1.3455903058456897e-13,2.41140440948584e-13,-2.0694557179012918e-13,-4.689582056016661e-13,3.4994229736184934e-13,3.517186542012496e-13,4.973799150320701e-13,LBFGS,1.0,2.0
0.01,0.01,0.01,0.01,0.01,2.978411232260272,2.987053676039562,2.993051421596163,2.9968737137266297,2.999010577763591,-8.881784197001252e-14,1.4210854715202004e-13,1.1013412404281553e-13,-1.9184653865522705e-13,3.623767952376511e-13,3.0,9.0,9.0,9.0,9.0,1.0,4.5,4.5,4.5,4.5,13.519164739367433,15.240680757318517,17.26596570296514,19.63039203765022,22.37307120611111,3.4733167846994144,3.8591781936414704,4.33834863542983,4.91510565961811,5.594792438654558,-6.217248937900877e-14,5.329070518200751e-15,2.3092638912203256e-13,2.2026824808563106e-13,1.8829382497642655e-13,2.6068036618198676e-13,-2.078337502098293e-13,-3.5083047578154947e-13,-1.3944401189291966e-13,-2.318145675417327e-13,3.623767952376511e-13,3.5083047578154947e-13,LBFGS,1.0,2.0
0.01,0.01,0.01,0.01,0.01,2.9784112322602723,2.987053676039563,2.993051421596163,2.9968737137266293,2.999010577763591,-5.293543381412746e-13,3.907985046680551e-13,7.105427357601002e-15,7.105427357601002e-14,1.7763568394002505e-13,3.0,9.0,9.0,9.0,9.0,1.0,3.0,3.0,3.0,3.0,13.519164739367206,15.240680757318646,17.26596570296566,19.630392037650534,22.37307120611083,3.4733167846992155,3.859178193641796,4.338348635429476,4.915105659617665,5.594792438654316,2.6645352591003757e-14,8.704148513061227e-14,-1.7408297026122455e-13,-1.0302869668521453e-13,3.090860900556436e-13,4.205524817280093e-13,-4.831690603168681e-13,3.197442310920451e-14,3.0464519795714295e-13,-3.019806626980426e-14,5.293543381412746e-13,4.831690603168681e-13,LBFGS,1.0,1.0
0.01,0.01,0.01,0.01,0.01,2.978411232260276,2.987053676039563,2.993051421596163,2.996873713726631,2.999010577763591,-3.161915174132446e-13,-1.4921397450962104e-13,2.3447910280083306e-13,-3.836930773104541e-13,-2.7000623958883807e-13,3.0,9.0,9.0,9.0,9.0,1.0,2.25,2.25,2.25,2.25,13.519164739367511,15.240680757318158,17.26596570296583,19.63039203765103,22.373071206110573,3.4733167846996698,3.8591781936413683,4.3383486354294485,4.915105659618907,5.594792438653666,-5.5067062021407764e-14,1.5276668818842154e-13,-3.552713678800501e-13,1.0658141036401503e-14,1.2079226507921703e-13,6.661338147750939e-15,-1.6253665080512292e-13,5.773159728050814e-14,-7.904787935331115e-13,5.089262344881718e-13,3.836930773104541e-13,7.904787935331115e-13,LBFGS,1.0,2.0
0.01,0.01,0.01,0.01,0.01,2.9784112322602776,2.987053676039562,2.993051421596162,2.9968737137266297,2.999010577763591,2.842170943040401e-14,-6.252776074688882e-13,2.6645352591003757e-13,1.9895196601282805e-13,1.8829382497642655e-13,3.0,9.0,9.0,9.0,9.0,1.0,1.8,1.8,1.8,1.8,13.519164739368323,15.240680757318618,17.265965702964532,19.630392037650935,22.373071206111117,3.473316784700167,3.8591781936408474,4.338348635429419,4.915105659618257,5.594792438654306,-3.8546943414985435e-13,-3.481659405224491e-13,3.979039320256561e-13,-2.0961010704922955e-13,2.1316282072803006e-14,-3.788080960021034e-13,3.494982081519993e-13,-4.3520742565306136e-14,-2.1582735598713043e-13,-1.9539925233402755e-14,6.252776074688882e-13,3.979039320256561e-13,LBFGS,1.0,2.0
0.01,0.01,0.01,0.01,0.01,2.9784112322602705,2.9870536760395616,2.993051421596162,2.9968737137266297,2.999010577763591,-2.0961010704922955e-13,-2.1316282072803006e-14,3.659295089164516e-13,1.0302869668521453e-13,2.6290081223123707e-13,3.0,9.0,9.0,9.0,9.0,0.75,9.0,9.0,9.0,9.0,13.519164739368202,15.240680757318524,17.265965702964984,19.630392037651266,22.373071206111796,3.473316784698982,3.8591781936412928,4.338348635429464,4.915105659618112,5.594792438654158,-7.371880883511039e-13,-1.2967404927621828e-13,1.1723955140041653e-13,-4.867217739956686e-13,-4.725109192804666e-13,7.212008767965017e-13,-6.084022174945858e-14,-4.529709940470639e-14,-5.684341886080802e-14,1.7408297026122455e-13,3.659295089164516e-13,7.371880883511039e-13,LBFGS,1.0,1.0
0.01,0.01,0.01,0.01,0.01,2.978411232260277,2.9870536760395603,2.993051421596162,2.9968737137266297,2.9990105777635914,-4.973799150320701e-14,-1.8118839761882555e-13,4.618527782440651e-14,1.0302869668521453e-13,3.552713678800501e-15,3.0,9.0,9.0,9.0,9.0,0.75,4.5,4.5,4.5,4.5,13.519164739368094,15.240680757317678,17.265965702965115,19.63039203765064,22.373071206112222,3.4733167847000876,3.8591781936409295,4.338348635429015,4.915105659618268,5.5947924386549,-3.0375701953744283e-13,2.3447910280083306e-13,-1.4921397450962104e-13,-6.039613253960852e-14,-4.547473508864641e-13,-3.33510996597397e-13,1.8829382497642655e-13,3.6859404417555197e-13,-2.6290081223123707e-13,-4.574118861455645e-13,1.8118839761882555e-13,4.574118861455645e-13,LBFGS,1.0,3.0
0.01,0.01,0.01,0.01,0.01,2.978411232260272,2.9870536760395616,2.993051421596164,2.9968737137266297,2.9990105777635914,-2.8421709430404007e-13,4.263256414560601e-14,2.0250467969162855e-13,2.877698079828406e-13,-4.192202140984591e-13,3.0,9.0,9.0,9.0,9.0,0.75,3.0,3.0,3.0,3.0,13.51916473936705,15.24068075731803,17.26596570296549,19.630392037650353,22.373071206111824,3.4733167846993074,3.859178193641333,4.3383486354302025,4.915105659618556,5.594792438654374,8.881784197001252e-14,1.971756091734278e-13,1.0302869668521453e-13,2.6290081223123707e-13,-3.836930773104541e-13,3.0953017926549364e-13,-1.4166445794216997e-13,-6.687983500341943e-13,-5.409006575973763e-13,-1.4210854715202004e-14,4.192202140984591e-13,6.687983500341943e-13,LBFGS,1.0,1.0
0.01,0.01,0.01,0.01,0.01,2.978411232260276,2.987053676039559,2.993051421596162,2.9968737137266293,2.9990105777635914,-6.608047442568932e-13,9.272582701669307e-13,1.0302869668521453e-13,-3.481659405224491e-13,4.227729277772596e-13,3.0,9.0,9.0,9.0,9.0,0.75,2.25,2.25,2.25,2.25,13.519164739367763,15.240680757317495,17.265965702964824,19.630392037649333,22.37307120611361,3.47331678469966,3.859178193641473,4.338348635429215,4.915105659617788,5.594792438654748,-2.042810365310288e-13,6.412648190234904e-13,1.8829382497642655e-13,6.288303211476887e-13,-1.2470025012589758e-12,3.863576125695545e-14,-2.8954616482224083e-13,1.8030021919912542e-13,6.483702463810914e-14,-1.5720758028692217e-13,9.272582701669307e-13,1.2470025012589758e-12,LBFGS,0.0,1.0
0.01,0.01,0.01,0.01,0.01,2.9784112322602643,2.987053676039562,2.9930514215961628,2.9968737137266293,2.9990105777635914,-1.1368683772161603e-13,-1.0302869668521453e-12,6.110667527536862e-13,5.080380560684716e-13,2.6290081223123707e-13,3.0,9.0,9.0,9.0,9.0,0.75,1.8,1.8,1.8,1.8,13.519164739366671,15.240680757317252,17.26596570296595,19.63039203765084,22.37307120611219,3.473316784698298,3.8591781936409255,4.338348635429682,4.915105659618039,5.594792438655138,7.460698725481052e-14,6.004086117172847e-13,-2.4868995751603507e-13,-1.1013412404281553e-13,-1.5276668818842154e-13,1.2576606422953773e-12,1.6697754290362354e-13,-1.1723955140041653e-13,5.329070518200751e-15,-6.279421427279885e-13,1.0302869668521453e-12,1.2576606422953773e-12,LBFGS,0.0,1.0
0.01,0.01,0.01,0.01,0.01,2.978411232260271,2.987053676039558,2.9930514215961628,2.996873713726628,2.9990105777635914,6.998845947236987e-13,7.105427357601002e-14,3.375077994860476e-13,1.9539925233402755e-13,-1.2434497875801753e-13,3.0,9.0,9.0,9.0,9.0,0.6,9.0,9.0,9.0,9.0,13.519164739367884,15.240680757317339,17.265965702965605,19.63039203764983,22.373071206112073,3.4733167846997537,3.859178193640733,4.338348635429724,4.9151056596166445,5.594792438654673,-9.947598300641403e-14,5.595524044110789e-13,3.197442310920451e-14,1.7763568394002505e-14,-1.9539925233402755e-13,3.197442310920451e-14,3.9168668308775523e-13,-1.758593271006248e-13,1.1821654766208667e-12,-2.0339285811132868e-13,6.998845947236987e-13,1.1821654766208667e-12,LBFGS,1.0,4.0
0.01,0.01,0.01,0.01,0.01,2.978411232260275,2.9870536760395607,2.9930514215961628,2.9968737137266297,2.9990105777635914,-4.618527782440651e-14,1.7763568394002505e-14,-2.0961010704922955e-13,4.476419235288631e-13,-3.481659405224491e-13,3.0,9.0,9.0,9.0,9.0,0.6,4.5,4.5,4.5,4.5,13.519164739367937,15.240680757318254,17.265965702964962,19.63039203765063,22.37307120611125,3.473316784699739,3.859178193641,4.338348635429285,4.915105659618635,5.5947924386548245,-3.0375701953744283e-13,-6.039613253960852e-14,7.105427357601002e-14,1.2079226507921703e-13,1.3500311979441904e-13,-1.3322676295501878e-14,1.865174681370263e-13,1.1191048088221578e-13,-5.861977570020827e-13,-4.778399897986674e-13,4.476419235288631e-13,5.861977570020827e-13,LBFGS,1.0,1.0
0.01,0.01,0.01,0.01,0.01,2.978411232260273,2.987053676039563,2.993051421596162,2.9968737137266293,2.999010577763591,6.750155989720952e-14,1.5631940186722204e-13,2.4868995751603507e-14,1.3500311979441904e-13,4.263256414560601e-13,3.0,9.0,9.0,9.0,9.0,0.6,3.0,3.0,3.0,3.0,13.519164739367627,15.240680757319234,17.26596570296544,19.630392037651294,22.373071206112172,3.473316784699856,3.8591781936417444,4.3383486354291865,4.915105659617861,5.59479243865455,-1.9895196601282805e-13,-5.311306949806749e-13,-4.263256414560601e-13,-7.993605777301127e-13,-7.567280135845067e-13,-1.7141843500212417e-13,-4.405364961712621e-13,2.0872192862952943e-13,1.2434497875801753e-13,-1.9451107391432743e-13,4.263256414560601e-13,7.993605777301127e-13,LBFGS,1.0,1.0
0.01,0.01,0.01,0.01,0.01,2.9784112322602656,2.987053676039563,2.9930514215961654,2.9968737137266306,2.9990105777635914,-4.085620730620576e-13,-6.750155989720952e-13,-4.050093593832571e-13,9.947598300641403e-14,1.1723955140041653e-13,3.0,9.0,9.0,9.0,9.0,0.6,2.25,2.25,2.25,2.25,13.5191647393657,15.24068075731805,17.26596570296579,19.630392037651347,22.373071206111874,3.4733167846983,3.859178193640909,4.338348635429989,4.915105659618661,5.594792438654868,6.110667527536862e-13,7.283063041541027e-14,-9.592326932761353e-14,-2.2026824808563106e-13,-1.2434497875801753e-13,1.1408651801048109e-12,2.4780177909633494e-13,-4.369837824924616e-13,-5.213607323639735e-13,-4.298783551348606e-13,6.750155989720952e-13,1.1408651801048109e-12,LBFGS,0.0,1.0
0.01,0.01,0.01,0.01,0.01,2.9784112322602705,2.987053676039562,2.993051421596163,2.9968737137266306,2.9990105777635914,-1.8829382497642655e-13,-6.039613253960852e-13,1.4566126083082054e-13,-1.0658141036401503e-13,-3.836930773104541e-13,3.0,9.0,9.0,9.0,9.0,0.6,1.8,1.8,1.8,1.8,13.519164739366815,15.240680757317895,17.26596570296616,19.630392037651006,22.37307120611111,3.473316784698958,3.8591781936407497,4.33834863542912,4.915105659618529,5.594792438654426,2.078337502098293e-13,1.652011860642233e-13,-5.755396159656812e-13,0.0,2.3092638912203256e-13,6.372680161348399e-13,3.9612757518625585e-13,4.1300296516055823e-13,-4.2010839251815923e-13,-8.970602038971265e-14,6.039613253960852e-13,6.372680161348399e-13,LBFGS,1.0,2.0
0.01,0.01,0.01,0.01,0.01,5.450998839787916,6.4754561358038984e-18,1.0416231892066145e-14,5.5504430144159596,2.5781239552969897,0.019465410978266817,-2.0943461569857202,-2.094221324449033,0.01947048500001003,-0.11032072606682064,3.0,12.0,12.0,12.0,12.0,3.0,12.0,12.0,12.0,12.0,5.259485284006604,14.084582017354082,14.085130077390335,4.308208636915595,1.495616690532421e-6,1.3149220143879998,6.568117743313497e-14,3.373140034872812e-14,1.0770972040839788,3.848981395446929,-6.760543705208732e-5,-0.00016830673748735592,-0.0001377916705234128,-6.0047165676202496e-5,1.2007283450263686,-6.75947456119097e-5,3.521928339652999,3.521923531456494,-6.0056646498996e-5,-0.12008288495966557,2.0943461569857202,3.521928339652999,LBFGS,1.0,2.0
0.01,0.01,0.01,0.01,0.01,5.450998846684405,1.7230869546116704e-22,5.455109899224819e-19,5.550443016669107,2.578123931423779,0.019465396901178877,-2.094346210218533,-2.0942213619677634,0.019470498392099245,-0.11032067497381348,3.0,12.0,12.0,12.0,12.0,3.0,12.0,12.0,12.0,12.0,5.259485186522425,14.084581858308871,14.085129971875219,4.308208628043978,1.4956159179002077e-6,1.3149220741995515,6.568116880930089e-14,3.3731396309750816e-14,1.0770971536023195,3.848981643843526,-6.757698641202126e-5,-0.00016827536732755277,-0.00013777613826526647,-6.005744805914759e-5,1.2007283464808205,-6.767181554834245e-5,3.521928307689398,3.5219235089274443,-6.0010953339739714e-5,-0.12008293299535833,2.094346210218533,3.521928307689398,NM,1.0,1022.0
0.01,0.01,0.01,0.01,0.01,2.9784112322602776,2.9870536760395603,2.9930514215961606,2.9968737137266293,2.9990105777635914,-1.6342482922482304e-13,-2.8421709430404007e-13,3.588240815588506e-13,3.126388037344441e-13,-3.375077994860476e-13,3.0,12.0,12.0,12.0,12.0,3.0,6.0,6.0,6.0,6.0,13.519164739368184,15.240680757318232,17.26596570296503,19.630392037649766,22.373071206111288,3.4733167846999815,3.85917819364057,4.338348635428421,4.915105659618109,5.5947924386544985,-2.3447910280083306e-13,-4.440892098500626e-14,-9.947598300641403e-14,6.536993168992922e-13,2.2737367544323206e-13,-1.91402449445377e-13,6.150635556423367e-13,9.592326932761353e-13,-1.4210854715202004e-13,-1.199040866595169e-13,3.588240815588506e-13,9.592326932761353e-13,LBFGS,1.0,2.0
0.01,0.01,0.01,0.01,0.01,2.978411232260276,2.9870536760395647,2.993051421596163,2.9968737137266297,2.9990105777635914,-4.369837824924616e-13,1.9539925233402755e-13,-8.881784197001252e-14,1.5987211554602254e-13,-4.050093593832571e-13,3.0,12.0,12.0,12.0,12.0,3.0,4.0,4.0,4.0,4.0,13.519164739366989,15.240680757318362,17.26596570296494,19.630392037651266,22.37307120611126,3.473316784699813,3.8591781936421645,4.338348635429576,4.915105659617967,5.594792438654697,2.646771690706373e-13,2.753353101070388e-13,1.6697754290362354e-13,-5.648814749292796e-13,3.907985046680551e-14,-1.8696155734687636e-13,-8.832934383917745e-13,-1.616484723854228e-13,6.838973831690964e-14,-3.7214675785435247e-13,4.369837824924616e-13,8.832934383917745e-13,LBFGS,1.0,1.0
0.01,0.01,0.01,0.01,0.01,2.9784112322602723,2.987053676039558,2.9930514215961614,2.9968737137266293,2.9990105777635914,-2.2026824808563106e-13,6.252776074688882e-13,2.5224267119483557e-13,2.6290081223123707e-13,-1.0658141036401503e-13,3.0,12.0,12.0,12.0,12.0,3.0,3.0,3.0,3.0,3.0,13.519164739366923,15.240680757318186,17.265965702964838,19.630392037650726,22.373071206111465,3.47331678469959,3.859178193640826,4.338348635429112,4.915105659617888,5.594792438655022,3.801403636316536e-13,6.039613253960852e-14,2.4868995751603507e-13,-6.039613253960852e-14,2.7355895326763857e-13,6.572520305780927e-14,3.8680170177940454e-13,3.0375701953744283e-13,1.4033219031261979e-13,-5.870859354217828e-13,6.252776074688882e-13,5.870859354217828e-13,LBFGS,0.0,1.0
0.01,0.01,0.01,0.01,0.01,2.978411232260273,2.9870536760395607,2.993051421596164,2.9968737137266293,2.999010577763591,-2.3092638912203256e-13,-1.3500311979441904e-13,-2.1316282072803006e-14,1.9184653865522705e-13,2.0605739337042905e-13,3.0,12.0,12.0,12.0,12.0,3.0,2.4,2.4,2.4,2.4,13.519164739366941,15.240680757318247,17.265965702965577,19.630392037650275,22.37307120611125,3.4733167846995587,3.859178193640839,4.338348635429886,4.915105659617803,5.594792438653974,3.7125857943465235e-13,2.4868995751603507e-14,9.947598300641403e-14,1.9895196601282805e-13,2.1316282072803006e-14,9.50350909079134e-14,3.659295089164516e-13,-3.3306690738754696e-13,1.7763568394002505e-13,3.455014052633487e-13,2.3092638912203256e-13,3.7125857943465235e-13,LBFGS,1.0,4.0
0.01,0.01,0.01,0.01,0.01,2.978411232260271,2.9870536760395647,2.993051421596163,2.9968737137266297,2.999010577763591,-4.298783551348606e-13,-2.1671553440683056e-13,-1.4921397450962104e-13,3.375077994860476e-13,2.1671553440683056e-13,3.0,12.0,12.0,12.0,12.0,1.5,12.0,12.0,12.0,12.0,13.519164739366888,15.240680757319113,17.265965702964923,19.630392037650534,22.373071206111277,3.4733167846990667,3.8591781936416587,4.338348635429519,4.915105659618441,5.594792438654072,1.580957587066223e-13,-2.788880237858393e-13,2.6645352591003757e-13,1.8829382497642655e-13,-7.105427357601002e-14,5.302425165609748e-13,-3.312905505481467e-13,-8.43769498715119e-14,-3.9968028886505635e-13,2.3092638912203256e-13,4.298783551348606e-13,5.302425165609748e-13,LBFGS,1.0,2.0
0.01,0.01,0.01,0.01,0.01,2.9784112322602745,2.9870536760395643,2.9930514215961646,2.9968737137266293,2.999010577763591,5.684341886080802e-14,-2.0961010704922955e-13,9.237055564881302e-14,-2.7711166694643907e-13,1.3500311979441904e-13,3.0,12.0,12.0,12.0,12.0,1.5,6.0,6.0,6.0,6.0,13.519164739366971,15.240680757318572,17.265965702965712,19.630392037649926,22.37307120611074,3.4733167846999344,3.8591781936417044,4.338348635430207,4.915105659617454,5.594792438654249,4.2099657093785936e-13,7.460698725481052e-14,5.3290705182007514e-14,1.7053025658242404e-13,3.268496584496461e-13,-2.646771690706373e-13,-4.214406601477094e-13,-6.332712132461893e-13,4.32542890393961e-13,1.9539925233402755e-14,2.7711166694643907e-13,6.332712132461893e-13,LBFGS,1.0,3.0
0.01,0.01,0.01,0.01,0.01,2.9784112322602816,2.9870536760395634,2.9930514215961614,2.9968737137266297,2.9990105777635914,-4.440892098500626e-13,-9.947598300641403e-14,5.080380560684716e-13,-1.2079226507921703e-13,-4.689582056016661e-13,3.0,12.0,12.0,12.0,12.0,1.5,4.0,4.0,4.0,4.0,13.519164739367266,15.240680757319215,17.265965702964717,19.63039203765091,22.3730712061111,3.4733167847006645,3.8591781936413008,4.338348635429186,4.915105659617757,5.594792438654648,4.014566457044566e-13,-5.488942633746774e-13,1.8829382497642655e-13,-4.085620730620576e-13,1.3855583347321954e-13,-9.632294961647858e-13,-9.325873406851315e-15,1.865174681370263e-13,2.282618538629322e-13,-3.375077994860476e-13,5.080380560684716e-13,9.632294961647858e-13,LBFGS,1.0,2.0
0.01,0.01,0.01,0.01,0.01,2.978411232260277,2.9870536760395594,2.993051421596162,2.9968737137266293,2.999010577763591,3.943512183468556e-13,3.517186542012496e-13,1.7408297026122455e-13,-1.7763568394002505e-13,2.842170943040401e-14,3.0,12.0,12.0,12.0,12.0,1.5,3.0,3.0,3.0,3.0,13.519164739367872,15.240680757319113,17.265965702964625,19.630392037650438,22.373071206111018,3.4733167847005353,3.859178193640756,4.338348635429391,4.915105659617538,5.594792438654089,9.947598300641403e-14,-5.808686864838819e-13,4.156675004196586e-13,-8.526512829121202e-14,1.0302869668521453e-13,-7.336353746723034e-13,5.204725539442734e-13,1.2434497875801753e-14,4.121147867408581e-13,1.9273471707492718e-13,3.943512183468556e-13,7.336353746723034e-13,LBFGS,1.0,3.0
0.01,0.01,0.01,0.01,0.01,2.9784112322602776,2.9870536760395616,2.993051421596163,2.9968737137266297,2.999010577763591,-3.055333763768431e-13,4.263256414560601e-13,-4.547473508864641e-13,-6.394884621840902e-14,1.6342482922482304e-13,3.0,12.0,12.0,12.0,12.0,1.5,2.4,2.4,2.4,2.4,13.519164739368124,15.240680757318822,17.26596570296475,19.630392037651067,22.373071206110723,3.47331678469995,3.8591781936413656,4.3383486354293535,4.9151056596178115,5.594792438654417,-3.410605131648481e-13,-2.540190280342358e-13,2.3803181647963356e-13,-4.511946372076636e-13,3.126388037344441e-13,-2.0161650127192843e-13,-8.837375276016246e-14,3.019806626980426e-14,2.0250467969162855e-13,-1.5631940186722204e-13,4.547473508864641e-13,4.511946372076636e-13,LBFGS,0.0,1.0
0.01,0.01,0.01,0.01,0.01,2.9784112322602696,2.9870536760395594,2.9930514215961628,2.9968737137266297,2.9990105777635914,2.0605739337042905e-13,-1.2434497875801753e-13,1.6697754290362354e-13,4.263256414560601e-14,-7.815970093361102e-14,3.0,12.0,12.0,12.0,12.0,1.0,12.0,12.0,12.0,12.0,13.519164739366696,15.24068075731828,17.26596570296491,19.63039203765051,22.3730712061122,3.47331678469936,3.8591781936405236,4.338348635429625,4.9151056596181535,5.594792438654561,4.334310688136611e-13,-1.4210854715202004e-13,3.694822225952521e-13,1.4566126083082054e-13,-3.694822225952521e-13,2.682298827494378e-13,6.536993168992922e-13,-1.6608936448392342e-13,-1.2967404927621828e-13,-1.0302869668521453e-13,2.0605739337042905e-13,6.536993168992922e-13,LBFGS,0.0,1.0
0.01,0.01,0.01,0.01,0.01,2.9784112322602705,2.987053676039563,2.993051421596163,2.9968737137266297,2.999010577763591,2.8421709430404007e-13,-4.938272013532696e-13,-3.517186542012496e-13,1.1368683772161603e-13,3.268496584496461e-13,3.0,12.0,12.0,12.0,12.0,1.0,6.0,6.0,6.0,6.0,13.519164739366929,15.24068075731901,17.265965702965538,19.630392037650342,22.37307120611038,3.4733167846994184,3.859178193640968,4.338348635429102,4.915105659618202,5.594792438654655,3.304023721284466e-13,-4.1389114358025836e-13,-2.0250467969162855e-13,2.984279490192421e-13,7.887024366937112e-13,2.384759056894836e-13,3.064215547965432e-13,3.6770586575585185e-13,-1.8207657603852567e-13,-3.6060043839825084e-13,4.938272013532696e-13,7.887024366937112e-13,LBFGS,1.0,2.0
0.01,0.01,0.01,0.01,0.01,2.978411232260275,2.987053676039563,2.993051421596163,2.9968737137266293,2.9990105777635914,-5.258016244624741e-13,1.2079226507921703e-13,-2.4868995751603507e-13,-1.3145040611561853e-13,2.3447910280083306e-13,3.0,12.0,12.0,12.0,12.0,1.0,4.0,4.0,4.0,4.0,13.519164739366095,15.24068075731874,17.265965702965214,19.630392037649447,22.373071206111803,3.4733167846997683,3.8591781936413914,4.338348635429201,4.9151056596176605,5.594792438655056,9.467981954003335e-13,-6.394884621840902e-14,4.973799150320701e-14,6.359357485052897e-13,1.2434497875801753e-13,-1.9051427102567686e-13,-9.414691248821327e-14,2.5224267119483557e-13,2.220446049250313e-13,-5.737632591262809e-13,5.258016244624741e-13,9.467981954003335e-13,LBFGS,0.0,1.0
0.01,0.01,0.01,0.01,0.01,2.9784112322602723,2.9870536760395616,2.9930514215961592,2.9968737137266284,2.9990105777635914,-1.2079226507921703e-13,1.5276668818842154e-13,3.552713678800501e-13,3.801403636316536e-13,2.6645352591003757e-13,3.0,12.0,12.0,12.0,12.0,1.0,3.0,3.0,3.0,3.0,13.519164739367524,15.240680757319884,17.265965702963637,19.630392037649525,22.373071206112918,3.4733167846995605,3.859178193641072,4.338348635428482,4.915105659617555,5.594792438654894,-1.7763568394002505e-14,-9.183764859699295e-13,6.927791673660977e-13,4.938272013532696e-13,-6.927791673660977e-13,1.4521717162097048e-13,3.015365734881925e-13,7.531752999057062e-13,3.1441516057384433e-13,-3.375077994860476e-13,3.801403636316536e-13,9.183764859699295e-13,LBFGS,1.0,1.0
0.01,0.01,0.01,0.01,0.01,2.978411232260271,2.9870536760395607,2.993051421596162,2.9968737137266297,2.9990105777635914,2.5224267119483557e-13,-3.019806626980426e-13,3.446132268436486e-13,-4.476419235288631e-13,-2.3092638912203256e-13,3.0,12.0,12.0,12.0,12.0,1.0,2.4,2.4,2.4,2.4,13.519164739368016,15.240680757318957,17.265965702964863,19.630392037650605,22.373071206111437,3.4733167846991417,3.8591781936404335,4.338348635429172,4.915105659617378,5.594792438654616,-4.3520742565306136e-13,-5.737632591262809e-13,2.3803181647963356e-13,-1.9539925233402755e-13,1.2079226507921703e-13,5.906386491005833e-13,7.980283101005625e-13,2.460254222569347e-13,5.844214001626824e-13,-2.2648549702353193e-13,4.476419235288631e-13,7.980283101005625e-13,LBFGS,1.0,1.0
0.01,0.01,0.01,0.01,0.01,2.9985101530960776,2.9996486423751687,2.999998475606288,2.947113133362225,6.443581138684804e-14,-0.05068929925111121,-0.051285238188054194,-0.05172836214353893,-0.42930554459237413,-0.7050272218727986,3.0,12.0,12.0,12.0,12.0,0.75,12.0,12.0,12.0,12.0,20.8058710343273,23.71249902449553,27.053410211329947,15.83421389687077,1.0459054579068914e-16,5.269085271426734,5.994045789124024,6.829402138700551,0.13882226028070532,8.710160121775305,-0.08812986120019772,-0.08878192683325636,-0.08921689120255394,0.38974941012102526,2.1775483406135363,-0.08661071120807051,-0.08771959149848829,-0.08835367922806814,4.0955573927414255,-3.04554728280948e-6,0.7050272218727986,4.0955573927414255,LBFGS,1.0,6.0
0.01,0.01,0.01,0.01,0.01,2.9985101530798155,2.9996486423701585,2.9999984756063345,2.9471131337177585,2.696415369119735e-16,-0.05068927625143971,-0.05128522075814956,-0.051728371797032935,-0.4293054997457766,-0.7050272400562054,3.0,12.0,12.0,12.0,12.0,0.75,12.0,12.0,12.0,12.0,20.80587097921589,23.71249902805135,27.053410206847524,15.834213911708712,1.0459054417047881e-16,5.269085305458344,5.994045798597578,6.829402148665763,0.13882226269103884,8.710160125800805,-0.08812982171322403,-0.08878193342961893,-0.08921689399292987,0.38974942075718744,2.177548335158382,-0.0866107490924497,-0.08771960172388393,-0.08835369101148771,4.095557395952891,-3.0713931611359158e-6,0.7050272400562054,4.095557395952891,NM,0.0,7.0e6
0.01,0.01,0.01,0.01,0.01,2.9784112322602736,2.987053676039563,2.9930514215961614,2.9968737137266293,2.999010577763591,1.4210854715202004e-14,-3.339550858072471e-13,2.4513724383723456e-13,2.3092638912203256e-13,2.4868995751603507e-13,3.0,12.0,12.0,12.0,12.0,0.75,6.0,6.0,6.0,6.0,13.519164739367842,15.240680757318476,17.265965702964817,19.630392037651042,22.373071206111277,3.4733167846996644,3.85917819364139,4.3383486354290834,4.9151056596177005,5.594792438654255,-2.0250467969162855e-13,1.0658141036401503e-14,1.7053025658242404e-13,-4.014566457044566e-13,-3.552713678800501e-15,6.88338275267597e-14,-1.4210854715202004e-13,3.0819791163594346e-13,3.2152058793144533e-13,6.483702463810914e-14,3.339550858072471e-13,4.014566457044566e-13,LBFGS,1.0,1.0
0.01,0.01,0.01,0.01,0.01,2.9784112322602736,2.9870536760395607,2.993051421596163,2.9968737137266306,2.999010577763591,-3.339550858072471e-13,-1.3855583347321954e-13,-1.7763568394002505e-13,1.2079226507921703e-13,4.263256414560601e-14,3.0,12.0,12.0,12.0,12.0,0.75,4.0,4.0,4.0,4.0,13.519164739368202,15.240680757317069,17.26596570296522,19.630392037651504,22.373071206110474,3.473316784699165,3.8591781936410907,4.3383486354293055,4.915105659618729,5.594792438654128,-5.773159728050814e-13,7.993605777301127e-13,4.618527782440651e-14,-2.2382096176443156e-13,4.902744876744691e-13,5.622169396701793e-13,1.4654943925052066e-14,1.4832579608992091e-13,-5.515587986337778e-13,1.1457501614131615e-13,3.339550858072471e-13,7.993605777301127e-13,LBFGS,0.0,1.0
0.01,0.01,0.01,0.01,0.01,2.978411232260273,2.9870536760395634,2.993051421596163,2.9968737137266293,2.9990105777635914,4.334310688136611e-13,-1.6697754290362354e-13,-1.4210854715202004e-13,-4.334310688136611e-13,-3.161915174132446e-13,3.0,12.0,12.0,12.0,12.0,0.75,3.0,3.0,3.0,3.0,13.519164739367193,15.240680757318666,17.265965702965467,19.630392037649585,22.373071206112083,3.473316784699774,3.8591781936413265,4.338348635429197,4.915105659617252,5.594792438654056,2.8954616482224083e-13,-6.572520305780927e-14,-1.1368683772161603e-13,3.694822225952521e-13,-4.796163466380676e-13,-7.327471962526033e-14,-5.1514348342607263e-14,2.779998453661392e-13,5.986322548778844e-13,3.446132268436486e-13,4.334310688136611e-13,5.986322548778844e-13,LBFGS,1.0,1.0
0.01,0.01,0.01,0.01,0.01,2.9784112322602776,2.987053676039563,2.9930514215961628,2.9968737137266297,2.9990105777635914,-7.105427357601002e-15,-3.552713678800501e-13,5.3290705182007514e-14,-1.9539925233402755e-13,-1.7053025658242404e-13,3.0,12.0,12.0,12.0,12.0,0.75,2.4,2.4,2.4,2.4,13.519164739367067,15.240680757317929,17.26596570296465,19.63039203764968,22.373071206111188,3.4733167847002413,3.8591781936412435,4.338348635429367,4.915105659617958,5.5947924386547045,5.471179065352771e-13,3.836930773104541e-13,4.902744876744691e-13,6.430411758628907e-13,3.801403636316536e-13,-5.31574784190525e-13,-3.8191672047105385e-14,5.773159728050814e-14,-1.687538997430238e-14,-3.1175062531474396e-13,3.552713678800501e-13,6.430411758628907e-13,LBFGS,1.0,2.0
0.01,0.01,0.01,0.01,0.01,2.9998956433495345,6.068184775672348e-15,3.2639165936088164,3.4313908928751657,2.7000230226897615,0.002475408410859359,-2.5808846328914914,-0.054490855071819055,-0.05523740180280612,-0.042309708889387565,3.0,12.0,12.0,12.0,12.0,0.6,12.0,12.0,12.0,12.0,25.33842811254637,11.988989465686858,25.19187588106641,23.81692679222646,5.759970691564497e-5,6.30415259554174,8.871564101821591e-7,6.296073535460012,5.952649039970515,2.783886972923917,0.040443771005964635,-0.09892149071477618,0.002526244848809256,0.002109445702217272,0.8563264882292193,0.040628080557465474,3.5233339079448514,0.00252699601879236,0.0021100195116545706,-0.08870848395519548,2.5808846328914914,3.5233339079448514,LBFGS,1.0,4.0
0.01,0.01,0.01,0.01,0.01,2.9998956433495345,1.17858207793377e-16,3.2639165936088164,3.4313908928751657,2.7000230226897615,0.002475408410859359,-2.5808846328914514,-0.054490855071819055,-0.05523740180280612,-0.04230970888939467,3.0,12.0,12.0,12.0,12.0,0.6,12.0,12.0,12.0,12.0,25.33842811254637,11.988989465686858,25.19187588106641,23.81692679222646,5.759970691564497e-5,6.30415259554174,8.871564101821591e-7,6.296073535460012,5.952649039970515,2.783886972923917,0.040443771005964635,-0.0989214907147602,0.002526244848809256,0.002109445702217272,0.856326488229219,0.040628080557465474,3.5233339079448567,0.00252699601879236,0.0021100195116545706,-0.08870848395519637,2.5808846328914514,3.5233339079448567,NM,1.0,1119.0
0.01,0.01,0.01,0.01,0.01,2.9784112322602776,2.9870536760395603,2.993051421596162,2.9968737137266297,2.999010577763591,1.3145040611561853e-13,6.323830348264892e-13,2.948752353404416e-13,1.7763568394002505e-14,-3.552713678800501e-15,3.0,12.0,12.0,12.0,12.0,0.6,6.0,6.0,6.0,6.0,13.519164739368545,15.240680757317929,17.265965702965094,19.630392037650132,22.37307120611096,3.4733167847003994,3.859178193641702,4.338348635429513,4.915105659618665,5.594792438654392,-4.742872761198669e-13,3.7125857943465235e-13,4.263256414560601e-14,3.730349362740526e-13,6.394884621840902e-14,-5.777600620149315e-13,-4.845013279464183e-13,-8.615330671091215e-14,-6.785683126508957e-13,-1.341149413747189e-13,6.323830348264892e-13,6.785683126508957e-13,LBFGS,0.0,1.0
0.01,0.01,0.01,0.01,0.01,2.9784112322602745,2.987053676039562,2.993051421596162,2.9968737137266297,2.9990105777635914,-4.405364961712621e-13,1.3500311979441904e-13,6.039613253960852e-14,1.3855583347321954e-13,-2.877698079828406e-13,3.0,12.0,12.0,12.0,12.0,0.6,4.0,4.0,4.0,4.0,13.519164739366989,15.240680757318259,17.265965702964976,19.63039203765064,22.373071206111536,3.473316784699565,3.8591781936413403,4.338348635428877,4.915105659618058,5.59479243865447,3.090860900556436e-13,1.829647544582258e-13,4.973799150320701e-14,4.973799150320701e-14,3.552713678800501e-15,7.771561172376096e-14,-9.725553695716371e-14,5.213607323639735e-13,-2.4868995751603507e-14,-8.526512829121202e-14,4.405364961712621e-13,5.213607323639735e-13,LBFGS,1.0,1.0
0.01,0.01,0.01,0.01,0.01,2.978411232260275,2.9870536760395576,2.993051421596163,2.9968737137266284,2.9990105777635914,3.730349362740526e-13,2.2737367544323206e-13,6.039613253960852e-14,-1.0658141036401503e-14,-3.126388037344441e-13,3.0,12.0,12.0,12.0,12.0,0.6,3.0,3.0,3.0,3.0,13.519164739368485,15.240680757318023,17.26596570296536,19.630392037649298,22.373071206111646,3.47331678469988,3.8591781936403264,4.3383486354296,4.915105659616954,5.594792438654415,-4.2454928461665986e-13,1.5987211554602254e-14,1.5276668818842154e-13,4.831690603168681e-13,-1.7763568394002505e-14,-4.707345624410664e-14,8.344436253082677e-13,-8.526512829121202e-14,8.562039965909207e-13,-7.993605777301127e-15,3.730349362740526e-13,8.562039965909207e-13,LBFGS,1.0,2.0
0.01,0.01,0.01,0.01,0.01,2.978411232260275,2.987053676039562,2.9930514215961614,2.9968737137266293,2.999010577763591,1.9184653865522705e-13,1.4921397450962104e-13,2.5934809855243657e-13,3.019806626980426e-13,1.4210854715202004e-14,3.0,12.0,12.0,12.0,12.0,0.6,2.4,2.4,2.4,2.4,13.519164739367218,15.240680757318131,17.265965702965094,19.63039203765159,22.373071206111018,3.4733167847002613,3.8591781936417155,4.338348635429134,4.915105659617707,5.594792438654189,3.623767952376511e-13,3.232969447708456e-13,-7.105427357601002e-15,-7.780442956573097e-13,7.815970093361102e-14,-5.466738173254271e-13,-4.694022948115162e-13,2.815525590449397e-13,3.5793590313915047e-13,8.615330671091215e-14,3.019806626980426e-13,7.780442956573097e-13,LBFGS,1.0,2.0
